{
  "IcoMoonType": "selection",
  "icons": [
    {
      "icon": {
        "paths": [
          "M950.857 369.714c0 10.286-7.429 20-14.857 27.429l-207.429 202.286 49.143 285.714c0.571 4 0.571 7.429 0.571 11.429 0 14.857-6.857 28.571-23.429 28.571-8 0-16-2.857-22.857-6.857l-256.571-134.857-256.571 134.857c-7.429 4-14.857 6.857-22.857 6.857-16.571 0-24-13.714-24-28.571 0-4 0.571-7.429 1.143-11.429l49.143-285.714-208-202.286c-6.857-7.429-14.286-17.143-14.286-27.429 0-17.143 17.714-24 32-26.286l286.857-41.714 128.571-260c5.143-10.857 14.857-23.429 28-23.429s22.857 12.571 28 23.429l128.571 260 286.857 41.714c13.714 2.286 32 9.143 32 26.286z"
        ],
        "attrs": [
          {}
        ],
        "width": 951,
        "isMulticolor": false,
        "isMulticolor2": false,
        "tags": [
          "star"
        ],
        "grid": 14
      },
      "attrs": [
        {}
      ],
      "properties": {
        "order": 1,
        "id": 0,
        "prevSize": 28,
        "name": "star"
      },
      "setIdx": 0,
      "setId": 3,
      "iconIdx": 0
    },
    {
      "icon": {
        "paths": [
          "M512 164.864l-31.232-30.72c-50.338-47.679-118.487-76.997-193.485-76.997-155.523 0-281.6 126.077-281.6 281.6 0 74.87 29.219 142.916 76.875 193.356l-0.126-0.135 429.568 429.568 429.568-430.080c47.53-50.306 76.749-118.352 76.749-193.221 0-155.523-126.077-281.6-281.6-281.6-74.997 0-143.147 29.318-193.613 77.118l0.129-0.121-31.232 31.232z"
        ],
        "attrs": [
          {}
        ],
        "isMulticolor": false,
        "isMulticolor2": false,
        "tags": [
          "heart"
        ],
        "grid": 20
      },
      "attrs": [
        {}
      ],
      "properties": {
        "order": 1,
        "id": 1,
        "prevSize": 20,
        "name": "heart"
      },
      "setIdx": 1,
      "setId": 2,
      "iconIdx": 0
    }
  ],
  "height": 1024,
  "preferences": {
    "showGlyphs": true,
    "showQuickUse": true,
    "showQuickUse2": true,
    "showSVGs": true,
    "fontPref": {
      "prefix": "icon-",
      "metadata": {
        "fontFamily": "icomoon"
      },
      "metrics": {
        "emSize": 1024,
        "baseline": 6.25,
        "whitespace": 50
      },
      "embed": false
    },
    "imagePref": {
      "prefix": "icon-",
      "png": true,
      "useClassSelector": true,
      "color": 0,
      "bgColor": 16777215,
      "classSelector": ".icon",
      "name": "icomoon"
    },
    "historySize": 50,
    "showCodes": true,
    "gridSize": 16
  }
}